date,blog_id,blog_slug,blog_name,daily_views
2026-06-30,1795,aitechnote,AI 테크 최신 정보 매거진,0
2026-06-30,1783,insightbridge,인사이트 브리지,0
2026-06-30,84,systrader79,systrader79의 트레이딩 이야기,0
2026-06-30,1799,history,모든 것의 역사,0
2026-06-30,1800,studylibrary,학문의 서재,0
2026-06-30,1724,infoplant,지식 발전소,0
2026-06-30,1725,knarchive,지식 저장소,0
2026-06-30,all,all,전체 블로그,0
2026-07-01,1795,aitechnote,AI 테크 최신 정보 매거진,86
2026-07-01,1783,insightbridge,인사이트 브리지,643
2026-07-01,84,systrader79,systrader79의 트레이딩 이야기,188
2026-07-01,1799,history,모든 것의 역사,403
2026-07-01,1800,studylibrary,학문의 서재,239
2026-07-01,1724,infoplant,지식 발전소,1686
2026-07-01,1725,knarchive,지식 저장소,3443
2026-07-01,all,all,전체 블로그,6688
2026-07-02,1795,aitechnote,AI 테크 최신 정보 매거진,338
2026-07-02,1783,insightbridge,인사이트 브리지,1431
2026-07-02,84,systrader79,systrader79의 트레이딩 이야기,189
2026-07-02,1799,history,모든 것의 역사,1147
2026-07-02,1800,studylibrary,학문의 서재,507
2026-07-02,1724,infoplant,지식 발전소,4248
2026-07-02,1725,knarchive,지식 저장소,7830
2026-07-02,all,all,전체 블로그,15690
2026-07-03,1795,aitechnote,AI 테크 최신 정보 매거진,200
2026-07-03,1783,insightbridge,인사이트 브리지,761
2026-07-03,84,systrader79,systrader79의 트레이딩 이야기,127
2026-07-03,1799,history,모든 것의 역사,686
2026-07-03,1800,studylibrary,학문의 서재,258
2026-07-03,1724,infoplant,지식 발전소,3255
2026-07-03,1725,knarchive,지식 저장소,4252
2026-07-03,1977,smartliving,스마트 리빙,0
2026-07-03,1978,cartemlab,카템 연구소,0
2026-07-03,all,all,전체 블로그,9539
2026-07-04,1795,aitechnote,AI 테크 최신 정보 매거진,114
2026-07-04,1783,insightbridge,인사이트 브리지,562
2026-07-04,84,systrader79,systrader79의 트레이딩 이야기,116
2026-07-04,1799,history,모든 것의 역사,554
2026-07-04,1800,studylibrary,학문의 서재,177
2026-07-04,1724,infoplant,지식 발전소,2199
2026-07-04,1725,knarchive,지식 저장소,3361
2026-07-04,1977,smartliving,스마트 리빙,2
2026-07-04,1978,cartemlab,카템 연구소,0
2026-07-04,all,all,전체 블로그,7085
2026-07-05,1795,aitechnote,AI 테크 최신 정보 매거진,130
2026-07-05,1783,insightbridge,인사이트 브리지,413
2026-07-05,84,systrader79,systrader79의 트레이딩 이야기,139
2026-07-05,1799,history,모든 것의 역사,568
2026-07-05,1800,studylibrary,학문의 서재,174
2026-07-05,1724,infoplant,지식 발전소,2532
2026-07-05,1725,knarchive,지식 저장소,9124
2026-07-05,1978,cartemlab,카템 연구소,19
2026-07-05,1986,livingcurator,리빙 큐레이터,0
2026-07-05,1977,smartliving,스마트 리빙,175
2026-07-05,all,all,전체 블로그,13274
2026-07-06,1795,aitechnote,AI 테크 최신 정보 매거진,230
2026-07-06,1783,insightbridge,인사이트 브리지,734
2026-07-06,84,systrader79,systrader79의 트레이딩 이야기,153
2026-07-06,1799,history,모든 것의 역사,705
2026-07-06,1800,studylibrary,학문의 서재,284
2026-07-06,1724,infoplant,지식 발전소,3515
2026-07-06,1725,knarchive,지식 저장소,8343
2026-07-06,1978,cartemlab,카템 연구소,213
2026-07-06,1986,petpicknote,펫 픽 노트,241
2026-07-06,1977,smartliving,스마트 리빙,11190
2026-07-06,all,all,전체 블로그,25608
2026-07-07,1795,aitechnote,AI 테크 최신 정보 매거진,216
2026-07-07,1783,insightbridge,인사이트 브리지,837
2026-07-07,84,systrader79,systrader79의 트레이딩 이야기,129
2026-07-07,1799,history,모든 것의 역사,673
2026-07-07,1800,studylibrary,학문의 서재,252
2026-07-07,1724,infoplant,지식 발전소,3229
2026-07-07,1725,knarchive,지식 저장소,5876
2026-07-07,1978,cartemlab,카템 연구소,1994
2026-07-07,1986,petpicknote,펫 픽 노트,2083
2026-07-07,1977,smartliving,스마트 리빙,6157
2026-07-07,all,all,전체 블로그,21446
2026-07-08,1795,aitechnote,AI 테크 최신 정보 매거진,204
2026-07-08,1783,insightbridge,인사이트 브리지,661
2026-07-08,84,systrader79,systrader79의 트레이딩 이야기,154
2026-07-08,1799,history,모든 것의 역사,583
2026-07-08,1800,studylibrary,학문의 서재,188
2026-07-08,1724,infoplant,지식 발전소,2382
2026-07-08,1725,knarchive,지식 저장소,5307
2026-07-08,1978,cartemlab,카템 연구소,1820
2026-07-08,1986,petpicknote,펫 픽 노트,2897
2026-07-08,1977,smartliving,스마트 리빙,4172
2026-07-08,all,all,전체 블로그,18368
2026-07-09,1795,aitechnote,AI 테크 최신 정보 매거진,200
2026-07-09,1783,insightbridge,인사이트 브리지,681
2026-07-09,84,systrader79,systrader79의 트레이딩 이야기,105
2026-07-09,1799,history,모든 것의 역사,499
2026-07-09,1800,studylibrary,학문의 서재,164
2026-07-09,1724,infoplant,지식 발전소,2123
2026-07-09,1725,knarchive,지식 저장소,5339
2026-07-09,1978,cartemlab,카템 연구소,1919
2026-07-09,1986,petpicknote,펫 픽 노트,1805
2026-07-09,1977,smartliving,스마트 리빙,7371
2026-07-09,all,all,전체 블로그,20206
2026-07-10,1795,aitechnote,AI 테크 최신 정보 매거진,201
2026-07-10,1783,insightbridge,인사이트 브리지,621
2026-07-10,84,systrader79,systrader79의 트레이딩 이야기,84
2026-07-10,1799,history,모든 것의 역사,472
2026-07-10,1800,studylibrary,학문의 서재,117
2026-07-10,1724,infoplant,지식 발전소,1658
2026-07-10,1725,knarchive,지식 저장소,4046
2026-07-10,1978,cartemlab,카템 연구소,3089
2026-07-10,1986,petpicknote,펫 픽 노트,1416
2026-07-10,1977,smartliving,스마트 리빙,3920
2026-07-10,all,all,전체 블로그,15624
2026-07-11,1795,aitechnote,AI 테크 최신 정보 매거진,94
2026-07-11,1783,insightbridge,인사이트 브리지,410
2026-07-11,84,systrader79,systrader79의 트레이딩 이야기,133
2026-07-11,1799,history,모든 것의 역사,292
2026-07-11,1800,studylibrary,학문의 서재,127
2026-07-11,1724,infoplant,지식 발전소,1284
2026-07-11,1725,knarchive,지식 저장소,3557
2026-07-11,1978,cartemlab,카템 연구소,22907
2026-07-11,1986,petpicknote,펫 픽 노트,1742
2026-07-11,1977,smartliving,스마트 리빙,9127
2026-07-11,all,all,전체 블로그,39673
2026-07-12,1795,aitechnote,AI 테크 최신 정보 매거진,108
2026-07-12,1783,insightbridge,인사이트 브리지,449
2026-07-12,84,systrader79,systrader79의 트레이딩 이야기,103
2026-07-12,1799,history,모든 것의 역사,335
2026-07-12,1800,studylibrary,학문의 서재,115
2026-07-12,1724,infoplant,지식 발전소,1142
2026-07-12,1725,knarchive,지식 저장소,2636
2026-07-12,1978,cartemlab,카템 연구소,29138
2026-07-12,1986,petpicknote,펫 픽 노트,2749
2026-07-12,1977,smartliving,스마트 리빙,14268
2026-07-12,all,all,전체 블로그,51043
2026-07-13,1795,aitechnote,AI 테크 최신 정보 매거진,186
2026-07-13,1783,insightbridge,인사이트 브리지,668
2026-07-13,84,systrader79,systrader79의 트레이딩 이야기,206
2026-07-13,1799,history,모든 것의 역사,548
2026-07-13,1800,studylibrary,학문의 서재,227
2026-07-13,1724,infoplant,지식 발전소,1569
2026-07-13,1725,knarchive,지식 저장소,3585
2026-07-13,1978,cartemlab,카템 연구소,33353
2026-07-13,1986,petpicknote,펫 픽 노트,3521
2026-07-13,1977,smartliving,스마트 리빙,12090
2026-07-13,all,all,전체 블로그,55953
2026-07-14,1795,aitechnote,AI 테크 최신 정보 매거진,287
2026-07-14,1783,insightbridge,인사이트 브리지,608
2026-07-14,84,systrader79,systrader79의 트레이딩 이야기,133
2026-07-14,1799,history,모든 것의 역사,542
2026-07-14,1800,studylibrary,학문의 서재,220
2026-07-14,1724,infoplant,지식 발전소,1643
2026-07-14,1725,knarchive,지식 저장소,3815
2026-07-14,1978,cartemlab,카템 연구소,29420
2026-07-14,1986,petpicknote,펫 픽 노트,2724
2026-07-14,1977,smartliving,스마트 리빙,8763
2026-07-14,all,all,전체 블로그,48155
2026-07-15,1795,aitechnote,AI 테크 최신 정보 매거진,280
2026-07-15,1783,insightbridge,인사이트 브리지,606
2026-07-15,84,systrader79,systrader79의 트레이딩 이야기,86
2026-07-15,1799,history,모든 것의 역사,427
2026-07-15,1800,studylibrary,학문의 서재,192
2026-07-15,1724,infoplant,지식 발전소,1520
2026-07-15,1725,knarchive,지식 저장소,3470
2026-07-15,1978,cartemlab,카템 연구소,14498
2026-07-15,1986,petpicknote,펫 픽 노트,2288
2026-07-15,1977,smartliving,스마트 리빙,7677
2026-07-15,all,all,전체 블로그,31044
2026-07-16,1795,aitechnote,AI 테크 최신 정보 매거진,288
2026-07-16,1783,insightbridge,인사이트 브리지,498
2026-07-16,84,systrader79,systrader79의 트레이딩 이야기,50
2026-07-16,1799,history,모든 것의 역사,383
2026-07-16,1800,studylibrary,학문의 서재,121
2026-07-16,1724,infoplant,지식 발전소,932
2026-07-16,1725,knarchive,지식 저장소,2182
2026-07-16,1978,cartemlab,카템 연구소,10674
2026-07-16,1986,petpicknote,펫 픽 노트,1821
2026-07-16,1977,smartliving,스마트 리빙,5122
2026-07-16,all,all,전체 블로그,22071
2026-07-17,1795,aitechnote,AI 테크 최신 정보 매거진,350
2026-07-17,1783,insightbridge,인사이트 브리지,409
2026-07-17,84,systrader79,systrader79의 트레이딩 이야기,44
2026-07-17,1799,history,모든 것의 역사,244
2026-07-17,1800,studylibrary,학문의 서재,100
2026-07-17,1724,infoplant,지식 발전소,829
2026-07-17,1725,knarchive,지식 저장소,1779
2026-07-17,1978,cartemlab,카템 연구소,2850
2026-07-17,1986,petpicknote,펫 픽 노트,1684
2026-07-17,1977,smartliving,스마트 리빙,4002
2026-07-17,all,all,전체 블로그,12291
2026-07-18,1795,aitechnote,AI 테크 최신 정보 매거진,272
2026-07-18,1783,insightbridge,인사이트 브리지,456
2026-07-18,84,systrader79,systrader79의 트레이딩 이야기,45
2026-07-18,1799,history,모든 것의 역사,170
2026-07-18,1800,studylibrary,학문의 서재,71
2026-07-18,1724,infoplant,지식 발전소,757
2026-07-18,1725,knarchive,지식 저장소,1564
2026-07-18,1978,cartemlab,카템 연구소,1268
2026-07-18,1986,petpicknote,펫 픽 노트,1554
2026-07-18,1977,smartliving,스마트 리빙,2642
2026-07-18,all,all,전체 블로그,8799
2026-07-19,1795,aitechnote,AI 테크 최신 정보 매거진,382
2026-07-19,1783,insightbridge,인사이트 브리지,409
2026-07-19,84,systrader79,systrader79의 트레이딩 이야기,44
2026-07-19,1799,history,모든 것의 역사,196
2026-07-19,1800,studylibrary,학문의 서재,95
2026-07-19,1724,infoplant,지식 발전소,687
2026-07-19,1725,knarchive,지식 저장소,1724
2026-07-19,1978,cartemlab,카템 연구소,352
2026-07-19,1986,petpicknote,펫 픽 노트,968
2026-07-19,1977,smartliving,스마트 리빙,1014
2026-07-19,all,all,전체 블로그,5871
2026-07-20,1795,aitechnote,AI 테크 최신 정보 매거진,527
2026-07-20,1783,insightbridge,인사이트 브리지,523
2026-07-20,84,systrader79,systrader79의 트레이딩 이야기,48
2026-07-20,1799,history,모든 것의 역사,338
2026-07-20,1800,studylibrary,학문의 서재,124
2026-07-20,1724,infoplant,지식 발전소,864
2026-07-20,1725,knarchive,지식 저장소,2017
2026-07-20,1978,cartemlab,카템 연구소,156
2026-07-20,1986,petpicknote,펫 픽 노트,584
2026-07-20,1977,smartliving,스마트 리빙,443
2026-07-20,all,all,전체 블로그,5624
2026-07-21,1795,aitechnote,AI 테크 최신 정보 매거진,529
2026-07-21,1783,insightbridge,인사이트 브리지,625
2026-07-21,84,systrader79,systrader79의 트레이딩 이야기,56
2026-07-21,1799,history,모든 것의 역사,266
2026-07-21,1800,studylibrary,학문의 서재,122
2026-07-21,1724,infoplant,지식 발전소,934
2026-07-21,1725,knarchive,지식 저장소,2001
2026-07-21,1978,cartemlab,카템 연구소,172
2026-07-21,1986,petpicknote,펫 픽 노트,459
2026-07-21,1977,smartliving,스마트 리빙,328
2026-07-21,all,all,전체 블로그,5492
2026-07-22,1795,aitechnote,AI 테크 최신 정보 매거진,408
2026-07-22,1783,insightbridge,인사이트 브리지,644
2026-07-22,84,systrader79,systrader79의 트레이딩 이야기,38
2026-07-22,1799,history,모든 것의 역사,372
2026-07-22,1800,studylibrary,학문의 서재,176
2026-07-22,1724,infoplant,지식 발전소,942
2026-07-22,1725,knarchive,지식 저장소,2431
2026-07-22,1978,cartemlab,카템 연구소,207
2026-07-22,1986,petpicknote,펫 픽 노트,461
2026-07-22,1977,smartliving,스마트 리빙,330
2026-07-22,all,all,전체 블로그,6009
2026-07-23,1795,aitechnote,AI 테크 최신 정보 매거진,459
2026-07-23,1783,insightbridge,인사이트 브리지,773
2026-07-23,84,systrader79,systrader79의 트레이딩 이야기,77
2026-07-23,1799,history,모든 것의 역사,361
2026-07-23,1800,studylibrary,학문의 서재,221
2026-07-23,1724,infoplant,지식 발전소,1020
2026-07-23,1725,knarchive,지식 저장소,2726
2026-07-23,1978,cartemlab,카템 연구소,207
2026-07-23,1986,petpicknote,펫 픽 노트,376
2026-07-23,1977,smartliving,스마트 리빙,327
2026-07-23,all,all,전체 블로그,6547
2026-07-24,1795,aitechnote,AI 테크 최신 정보 매거진,401
2026-07-24,1783,insightbridge,인사이트 브리지,759
2026-07-24,84,systrader79,systrader79의 트레이딩 이야기,89
2026-07-24,1799,history,모든 것의 역사,346
2026-07-24,1800,studylibrary,학문의 서재,330
2026-07-24,1724,infoplant,지식 발전소,1088
2026-07-24,1725,knarchive,지식 저장소,2601
2026-07-24,1978,cartemlab,카템 연구소,216
2026-07-24,1986,petpicknote,펫 픽 노트,267
2026-07-24,1977,smartliving,스마트 리빙,247
2026-07-24,2210,newssignal,뉴스 시그널,0
2026-07-24,2211,techinsight,테크 인사이트,0
2026-07-24,2212,lifesolution,라이프 솔루션,0
2026-07-24,2213,solobizstack,SoloBiz Stack,0
2026-07-24,all,all,전체 블로그,6344
2026-07-25,1795,aitechnote,AI 테크 최신 정보 매거진,317
2026-07-25,1783,insightbridge,인사이트 브리지,561
2026-07-25,84,systrader79,systrader79의 트레이딩 이야기,104
2026-07-25,1799,history,모든 것의 역사,319
2026-07-25,1800,studylibrary,학문의 서재,261
2026-07-25,1724,infoplant,지식 발전소,789
2026-07-25,1725,knarchive,지식 저장소,1880
2026-07-25,1978,cartemlab,카템 연구소,148
2026-07-25,1986,petpicknote,펫 픽 노트,156
2026-07-25,1977,smartliving,스마트 리빙,181
2026-07-25,2210,newssignal,뉴스 시그널,222
2026-07-25,2211,techinsight,테크 인사이트,220
2026-07-25,2212,lifesolution,라이프 솔루션,154
2026-07-25,2213,solobizstack,SoloBiz Stack,135
2026-07-25,all,all,전체 블로그,5447
2026-07-26,1795,aitechnote,AI 테크 최신 정보 매거진,222
2026-07-26,1783,insightbridge,인사이트 브리지,488
2026-07-26,84,systrader79,systrader79의 트레이딩 이야기,29
2026-07-26,1799,history,모든 것의 역사,311
2026-07-26,1800,studylibrary,학문의 서재,253
2026-07-26,1724,infoplant,지식 발전소,700
2026-07-26,1725,knarchive,지식 저장소,1817
2026-07-26,1978,cartemlab,카템 연구소,168
2026-07-26,1986,petpicknote,펫 픽 노트,154
2026-07-26,1977,smartliving,스마트 리빙,200
2026-07-26,2210,newssignal,뉴스 시그널,419
2026-07-26,2211,techinsight,테크 인사이트,372
2026-07-26,2212,lifesolution,라이프 솔루션,330
2026-07-26,2213,solobizstack,SoloBiz Stack,288
2026-07-26,all,all,전체 블로그,5751
2026-07-27,1795,aitechnote,AI 테크 최신 정보 매거진,440
2026-07-27,1783,insightbridge,인사이트 브리지,745
2026-07-27,84,systrader79,systrader79의 트레이딩 이야기,95
2026-07-27,1799,history,모든 것의 역사,413
2026-07-27,1800,studylibrary,학문의 서재,365
2026-07-27,1724,infoplant,지식 발전소,1043
2026-07-27,1725,knarchive,지식 저장소,2979
2026-07-27,1978,cartemlab,카템 연구소,224
2026-07-27,1986,petpicknote,펫 픽 노트,309
2026-07-27,1977,smartliving,스마트 리빙,199
2026-07-27,2210,newssignal,뉴스 시그널,665
2026-07-27,2211,techinsight,테크 인사이트,644
2026-07-27,2212,lifesolution,라이프 솔루션,481
2026-07-27,2213,solobizstack,SoloBiz Stack,888
2026-07-27,all,all,전체 블로그,9490
2026-07-28,1795,aitechnote,AI 테크 최신 정보 매거진,395
2026-07-28,1783,insightbridge,인사이트 브리지,735
2026-07-28,84,systrader79,systrader79의 트레이딩 이야기,104
2026-07-28,1799,history,모든 것의 역사,453
2026-07-28,1800,studylibrary,학문의 서재,359
2026-07-28,1724,infoplant,지식 발전소,1093
2026-07-28,1725,knarchive,지식 저장소,2805
2026-07-28,1978,cartemlab,카템 연구소,126
2026-07-28,1986,petpicknote,펫 픽 노트,282
2026-07-28,1977,smartliving,스마트 리빙,164
2026-07-28,2210,newssignal,뉴스 시그널,500
2026-07-28,2211,techinsight,테크 인사이트,473
2026-07-28,2212,lifesolution,라이프 솔루션,283
2026-07-28,2213,solobizstack,SoloBiz Stack,540
2026-07-28,all,all,전체 블로그,8312
2026-07-29,1795,aitechnote,AI 테크 최신 정보 매거진,317
2026-07-29,1783,insightbridge,인사이트 브리지,654
2026-07-29,84,systrader79,systrader79의 트레이딩 이야기,70
2026-07-29,1799,history,모든 것의 역사,403
2026-07-29,1800,studylibrary,학문의 서재,326
2026-07-29,1724,infoplant,지식 발전소,1128
2026-07-29,1725,knarchive,지식 저장소,2275
2026-07-29,1978,cartemlab,카템 연구소,120
2026-07-29,1986,petpicknote,펫 픽 노트,158
2026-07-29,1977,smartliving,스마트 리빙,137
2026-07-29,2210,newssignal,뉴스 시그널,742
2026-07-29,2211,techinsight,테크 인사이트,904
2026-07-29,2212,lifesolution,라이프 솔루션,541
2026-07-29,2213,solobizstack,SoloBiz Stack,423
2026-07-29,all,all,전체 블로그,8198
2026-07-30,1795,aitechnote,AI 테크 최신 정보 매거진,348
2026-07-30,1783,insightbridge,인사이트 브리지,693
2026-07-30,84,systrader79,systrader79의 트레이딩 이야기,64
2026-07-30,1799,history,모든 것의 역사,439
2026-07-30,1800,studylibrary,학문의 서재,236
2026-07-30,1724,infoplant,지식 발전소,1207
2026-07-30,1725,knarchive,지식 저장소,2521
2026-07-30,1978,cartemlab,카템 연구소,132
2026-07-30,1986,petpicknote,펫 픽 노트,235
2026-07-30,1977,smartliving,스마트 리빙,196
2026-07-30,2210,newssignal,뉴스 시그널,842
2026-07-30,2211,techinsight,테크 인사이트,1041
2026-07-30,2212,lifesolution,라이프 솔루션,481
2026-07-30,2213,solobizstack,SoloBiz Stack,371
2026-07-30,all,all,전체 블로그,8806
2026-07-31,1795,aitechnote,AI 테크 최신 정보 매거진,391
2026-07-31,1783,insightbridge,인사이트 브리지,753
2026-07-31,84,systrader79,systrader79의 트레이딩 이야기,100
2026-07-31,1799,history,모든 것의 역사,488
2026-07-31,1800,studylibrary,학문의 서재,310
2026-07-31,1724,infoplant,지식 발전소,1187
2026-07-31,1725,knarchive,지식 저장소,2847
2026-07-31,1978,cartemlab,카템 연구소,175
2026-07-31,1986,petpicknote,펫 픽 노트,190
2026-07-31,1977,smartliving,스마트 리빙,238
2026-07-31,2210,newssignal,뉴스 시그널,578
2026-07-31,2211,techinsight,테크 인사이트,761
2026-07-31,2212,lifesolution,라이프 솔루션,333
2026-07-31,2213,solobizstack,SoloBiz Stack,439
2026-07-31,all,all,전체 블로그,8790
2026-08-01,1795,aitechnote,AI 테크 최신 정보 매거진,194
2026-08-01,1783,insightbridge,인사이트 브리지,470
2026-08-01,84,systrader79,systrader79의 트레이딩 이야기,145
2026-08-01,1799,history,모든 것의 역사,349
2026-08-01,1800,studylibrary,학문의 서재,169
2026-08-01,1724,infoplant,지식 발전소,971
2026-08-01,1725,knarchive,지식 저장소,2251
2026-08-01,1978,cartemlab,카템 연구소,168
2026-08-01,1986,petpicknote,펫 픽 노트,124
2026-08-01,1977,smartliving,스마트 리빙,336
2026-08-01,2210,newssignal,뉴스 시그널,716
2026-08-01,2211,techinsight,테크 인사이트,575
2026-08-01,2212,lifesolution,라이프 솔루션,283
2026-08-01,2213,solobizstack,SoloBiz Stack,360
2026-08-01,all,all,전체 블로그,7111
2026-08-02,1795,aitechnote,AI 테크 최신 정보 매거진,191
2026-08-02,1783,insightbridge,인사이트 브리지,510
2026-08-02,84,systrader79,systrader79의 트레이딩 이야기,129
2026-08-02,1799,history,모든 것의 역사,301
2026-08-02,1800,studylibrary,학문의 서재,167
2026-08-02,1724,infoplant,지식 발전소,843
2026-08-02,1725,knarchive,지식 저장소,2287
2026-08-02,1978,cartemlab,카템 연구소,184
2026-08-02,1986,petpicknote,펫 픽 노트,159
2026-08-02,1977,smartliving,스마트 리빙,553
2026-08-02,2210,newssignal,뉴스 시그널,970
2026-08-02,2211,techinsight,테크 인사이트,907
2026-08-02,2212,lifesolution,라이프 솔루션,552
2026-08-02,2213,solobizstack,SoloBiz Stack,327
2026-08-02,all,all,전체 블로그,8080
2026-08-03,1795,aitechnote,AI 테크 최신 정보 매거진,312
2026-08-03,1783,insightbridge,인사이트 브리지,784
2026-08-03,84,systrader79,systrader79의 트레이딩 이야기,178
2026-08-03,1799,history,모든 것의 역사,463
2026-08-03,1800,studylibrary,학문의 서재,293
2026-08-03,1724,infoplant,지식 발전소,1000
2026-08-03,1725,knarchive,지식 저장소,3337
2026-08-03,1978,cartemlab,카템 연구소,217
2026-08-03,1986,petpicknote,펫 픽 노트,226
2026-08-03,1977,smartliving,스마트 리빙,743
2026-08-03,2210,newssignal,뉴스 시그널,909
2026-08-03,2211,techinsight,테크 인사이트,698
2026-08-03,2212,lifesolution,라이프 솔루션,349
2026-08-03,2213,solobizstack,SoloBiz Stack,188
2026-08-03,all,all,전체 블로그,9697
2026-08-04,1795,aitechnote,AI 테크 최신 정보 매거진,355
2026-08-04,1783,insightbridge,인사이트 브리지,773
2026-08-04,84,systrader79,systrader79의 트레이딩 이야기,191
2026-08-04,1799,history,모든 것의 역사,522
2026-08-04,1800,studylibrary,학문의 서재,251
2026-08-04,1724,infoplant,지식 발전소,1087
2026-08-04,1725,knarchive,지식 저장소,3110
2026-08-04,1978,cartemlab,카템 연구소,327
2026-08-04,1986,petpicknote,펫 픽 노트,259
2026-08-04,1977,smartliving,스마트 리빙,743
2026-08-04,2210,newssignal,뉴스 시그널,564
2026-08-04,2211,techinsight,테크 인사이트,505
2026-08-04,2212,lifesolution,라이프 솔루션,281
2026-08-04,2213,solobizstack,SoloBiz Stack,209
2026-08-04,all,all,전체 블로그,9177
2026-08-05,1795,aitechnote,AI 테크 최신 정보 매거진,319
2026-08-05,1783,insightbridge,인사이트 브리지,781
2026-08-05,84,systrader79,systrader79의 트레이딩 이야기,241
2026-08-05,1799,history,모든 것의 역사,530
2026-08-05,1800,studylibrary,학문의 서재,288
2026-08-05,1724,infoplant,지식 발전소,1137
2026-08-05,1725,knarchive,지식 저장소,3115
2026-08-05,1978,cartemlab,카템 연구소,160
2026-08-05,1986,petpicknote,펫 픽 노트,176
2026-08-05,1977,smartliving,스마트 리빙,595
2026-08-05,2210,newssignal,뉴스 시그널,410
2026-08-05,2211,techinsight,테크 인사이트,449
2026-08-05,2212,lifesolution,라이프 솔루션,182
2026-08-05,2213,solobizstack,SoloBiz Stack,143
2026-08-05,all,all,전체 블로그,8526
2026-08-06,1795,aitechnote,AI 테크 최신 정보 매거진,393
2026-08-06,1783,insightbridge,인사이트 브리지,850
2026-08-06,84,systrader79,systrader79의 트레이딩 이야기,448
2026-08-06,1799,history,모든 것의 역사,633
2026-08-06,1800,studylibrary,학문의 서재,372
2026-08-06,1724,infoplant,지식 발전소,1834
2026-08-06,1725,knarchive,지식 저장소,4395
2026-08-06,1978,cartemlab,카템 연구소,224
2026-08-06,1986,petpicknote,펫 픽 노트,244
2026-08-06,1977,smartliving,스마트 리빙,569
2026-08-06,2210,newssignal,뉴스 시그널,342
2026-08-06,2211,techinsight,테크 인사이트,362
2026-08-06,2212,lifesolution,라이프 솔루션,202
2026-08-06,2213,solobizstack,SoloBiz Stack,189
2026-08-06,all,all,전체 블로그,11057
2026-08-07,1795,aitechnote,AI 테크 최신 정보 매거진,314
2026-08-07,1783,insightbridge,인사이트 브리지,852
2026-08-07,84,systrader79,systrader79의 트레이딩 이야기,241
2026-08-07,1799,history,모든 것의 역사,572
2026-08-07,1800,studylibrary,학문의 서재,264
2026-08-07,1724,infoplant,지식 발전소,1455
2026-08-07,1725,knarchive,지식 저장소,3781
2026-08-07,1978,cartemlab,카템 연구소,180
2026-08-07,1986,petpicknote,펫 픽 노트,203
2026-08-07,1977,smartliving,스마트 리빙,382
2026-08-07,2210,newssignal,뉴스 시그널,278
2026-08-07,2211,techinsight,테크 인사이트,347
2026-08-07,2212,lifesolution,라이프 솔루션,163
2026-08-07,2213,solobizstack,SoloBiz Stack,193
2026-08-07,all,all,전체 블로그,9225
2026-08-08,1795,aitechnote,AI 테크 최신 정보 매거진,158
2026-08-08,1783,insightbridge,인사이트 브리지,726
2026-08-08,84,systrader79,systrader79의 트레이딩 이야기,155
2026-08-08,1799,history,모든 것의 역사,379
2026-08-08,1800,studylibrary,학문의 서재,192
2026-08-08,1724,infoplant,지식 발전소,1059
2026-08-08,1725,knarchive,지식 저장소,3030
2026-08-08,1978,cartemlab,카템 연구소,121
2026-08-08,1986,petpicknote,펫 픽 노트,130
2026-08-08,1977,smartliving,스마트 리빙,301
2026-08-08,2210,newssignal,뉴스 시그널,200
2026-08-08,2211,techinsight,테크 인사이트,196
2026-08-08,2212,lifesolution,라이프 솔루션,110
2026-08-08,2213,solobizstack,SoloBiz Stack,107
2026-08-08,all,all,전체 블로그,6864
2026-08-09,1795,aitechnote,AI 테크 최신 정보 매거진,161
2026-08-09,1783,insightbridge,인사이트 브리지,771
2026-08-09,84,systrader79,systrader79의 트레이딩 이야기,156
2026-08-09,1799,history,모든 것의 역사,448
2026-08-09,1800,studylibrary,학문의 서재,208
2026-08-09,1724,infoplant,지식 발전소,1098
2026-08-09,1725,knarchive,지식 저장소,2998
2026-08-09,1978,cartemlab,카템 연구소,78
2026-08-09,1986,petpicknote,펫 픽 노트,102
2026-08-09,1977,smartliving,스마트 리빙,541
2026-08-09,2210,newssignal,뉴스 시그널,232
2026-08-09,2211,techinsight,테크 인사이트,242
2026-08-09,2212,lifesolution,라이프 솔루션,101
2026-08-09,2213,solobizstack,SoloBiz Stack,132
2026-08-09,all,all,전체 블로그,7268
2026-08-10,1795,aitechnote,AI 테크 최신 정보 매거진,328
2026-08-10,1783,insightbridge,인사이트 브리지,916
2026-08-10,84,systrader79,systrader79의 트레이딩 이야기,277
2026-08-10,1799,history,모든 것의 역사,601
2026-08-10,1800,studylibrary,학문의 서재,293
2026-08-10,1724,infoplant,지식 발전소,1422
2026-08-10,1725,knarchive,지식 저장소,4103
2026-08-10,1978,cartemlab,카템 연구소,110
2026-08-10,1986,petpicknote,펫 픽 노트,150
2026-08-10,1977,smartliving,스마트 리빙,647
2026-08-10,2210,newssignal,뉴스 시그널,363
2026-08-10,2211,techinsight,테크 인사이트,273
2026-08-10,2212,lifesolution,라이프 솔루션,196
2026-08-10,2213,solobizstack,SoloBiz Stack,116
2026-08-10,all,all,전체 블로그,9795
2026-08-11,1795,aitechnote,AI 테크 최신 정보 매거진,320
2026-08-11,1783,insightbridge,인사이트 브리지,850
2026-08-11,84,systrader79,systrader79의 트레이딩 이야기,181
2026-08-11,1799,history,모든 것의 역사,496
2026-08-11,1800,studylibrary,학문의 서재,263
2026-08-11,1724,infoplant,지식 발전소,1159
2026-08-11,1725,knarchive,지식 저장소,3546
2026-08-11,1978,cartemlab,카템 연구소,96
2026-08-11,1986,petpicknote,펫 픽 노트,128
2026-08-11,1977,smartliving,스마트 리빙,551
2026-08-11,2210,newssignal,뉴스 시그널,285
2026-08-11,2211,techinsight,테크 인사이트,257
2026-08-11,2212,lifesolution,라이프 솔루션,175
2026-08-11,2213,solobizstack,SoloBiz Stack,194
2026-08-11,all,all,전체 블로그,8501
2026-08-12,1795,aitechnote,AI 테크 최신 정보 매거진,298
2026-08-12,1783,insightbridge,인사이트 브리지,741
2026-08-12,84,systrader79,systrader79의 트레이딩 이야기,188
2026-08-12,1799,history,모든 것의 역사,473
2026-08-12,1800,studylibrary,학문의 서재,237
2026-08-12,1724,infoplant,지식 발전소,1225
2026-08-12,1725,knarchive,지식 저장소,3527
2026-08-12,1978,cartemlab,카템 연구소,81
2026-08-12,1986,petpicknote,펫 픽 노트,126
2026-08-12,1977,smartliving,스마트 리빙,711
2026-08-12,2210,newssignal,뉴스 시그널,243
2026-08-12,2211,techinsight,테크 인사이트,224
2026-08-12,2212,lifesolution,라이프 솔루션,114
2026-08-12,2213,solobizstack,SoloBiz Stack,135
2026-08-12,all,all,전체 블로그,8323
2026-08-13,1795,aitechnote,AI 테크 최신 정보 매거진,25
2026-08-13,1783,insightbridge,인사이트 브리지,113
2026-08-13,84,systrader79,systrader79의 트레이딩 이야기,37
2026-08-13,1799,history,모든 것의 역사,61
2026-08-13,1800,studylibrary,학문의 서재,23
2026-08-13,1724,infoplant,지식 발전소,161
2026-08-13,1725,knarchive,지식 저장소,445
2026-08-13,1978,cartemlab,카템 연구소,22
2026-08-13,1986,petpicknote,펫 픽 노트,19
2026-08-13,1977,smartliving,스마트 리빙,111
2026-08-13,2210,newssignal,뉴스 시그널,38
2026-08-13,2211,techinsight,테크 인사이트,19
2026-08-13,2212,lifesolution,라이프 솔루션,12
2026-08-13,2213,solobizstack,SoloBiz Stack,18
2026-08-13,all,all,전체 블로그,1104
