date,blog_id,blog_slug,blog_name,total_views
2026-06-30,1795,aitechnote,AI 테크 최신 정보 매거진,9115
2026-06-30,1783,insightbridge,인사이트 브리지,27798
2026-06-30,84,systrader79,systrader79의 트레이딩 이야기,34688
2026-06-30,1799,history,모든 것의 역사,14953
2026-06-30,1800,studylibrary,학문의 서재,26988
2026-06-30,1724,infoplant,지식 발전소,69392
2026-06-30,1725,knarchive,지식 저장소,245748
2026-06-30,all,all,전체 블로그,428682
2026-07-01,1795,aitechnote,AI 테크 최신 정보 매거진,9201
2026-07-01,1783,insightbridge,인사이트 브리지,28441
2026-07-01,84,systrader79,systrader79의 트레이딩 이야기,34876
2026-07-01,1799,history,모든 것의 역사,15356
2026-07-01,1800,studylibrary,학문의 서재,27227
2026-07-01,1724,infoplant,지식 발전소,71078
2026-07-01,1725,knarchive,지식 저장소,249191
2026-07-01,all,all,전체 블로그,435370
2026-07-02,1795,aitechnote,AI 테크 최신 정보 매거진,9539
2026-07-02,1783,insightbridge,인사이트 브리지,29872
2026-07-02,84,systrader79,systrader79의 트레이딩 이야기,35065
2026-07-02,1799,history,모든 것의 역사,16503
2026-07-02,1800,studylibrary,학문의 서재,27734
2026-07-02,1724,infoplant,지식 발전소,75326
2026-07-02,1725,knarchive,지식 저장소,257021
2026-07-02,all,all,전체 블로그,451060
2026-07-03,1795,aitechnote,AI 테크 최신 정보 매거진,9739
2026-07-03,1783,insightbridge,인사이트 브리지,30633
2026-07-03,84,systrader79,systrader79의 트레이딩 이야기,35192
2026-07-03,1799,history,모든 것의 역사,17189
2026-07-03,1800,studylibrary,학문의 서재,27992
2026-07-03,1724,infoplant,지식 발전소,78581
2026-07-03,1725,knarchive,지식 저장소,261273
2026-07-03,1977,smartliving,스마트 리빙,0
2026-07-03,1978,cartemlab,카템 연구소,0
2026-07-03,all,all,전체 블로그,460599
2026-07-04,1795,aitechnote,AI 테크 최신 정보 매거진,9853
2026-07-04,1783,insightbridge,인사이트 브리지,31195
2026-07-04,84,systrader79,systrader79의 트레이딩 이야기,35308
2026-07-04,1799,history,모든 것의 역사,17743
2026-07-04,1800,studylibrary,학문의 서재,28169
2026-07-04,1724,infoplant,지식 발전소,80780
2026-07-04,1725,knarchive,지식 저장소,264634
2026-07-04,1977,smartliving,스마트 리빙,2
2026-07-04,1978,cartemlab,카템 연구소,0
2026-07-04,all,all,전체 블로그,467684
2026-07-05,1795,aitechnote,AI 테크 최신 정보 매거진,9983
2026-07-05,1783,insightbridge,인사이트 브리지,31608
2026-07-05,84,systrader79,systrader79의 트레이딩 이야기,35447
2026-07-05,1799,history,모든 것의 역사,18311
2026-07-05,1800,studylibrary,학문의 서재,28343
2026-07-05,1724,infoplant,지식 발전소,83312
2026-07-05,1725,knarchive,지식 저장소,273758
2026-07-05,1978,cartemlab,카템 연구소,19
2026-07-05,1986,livingcurator,리빙 큐레이터,0
2026-07-05,1977,smartliving,스마트 리빙,177
2026-07-05,all,all,전체 블로그,480958
2026-07-06,1795,aitechnote,AI 테크 최신 정보 매거진,10213
2026-07-06,1783,insightbridge,인사이트 브리지,32342
2026-07-06,84,systrader79,systrader79의 트레이딩 이야기,35600
2026-07-06,1799,history,모든 것의 역사,19016
2026-07-06,1800,studylibrary,학문의 서재,28627
2026-07-06,1724,infoplant,지식 발전소,86827
2026-07-06,1725,knarchive,지식 저장소,282101
2026-07-06,1978,cartemlab,카템 연구소,232
2026-07-06,1986,petpicknote,펫 픽 노트,241
2026-07-06,1977,smartliving,스마트 리빙,11367
2026-07-06,all,all,전체 블로그,506566
2026-07-07,1795,aitechnote,AI 테크 최신 정보 매거진,10429
2026-07-07,1783,insightbridge,인사이트 브리지,33179
2026-07-07,84,systrader79,systrader79의 트레이딩 이야기,35729
2026-07-07,1799,history,모든 것의 역사,19689
2026-07-07,1800,studylibrary,학문의 서재,28879
2026-07-07,1724,infoplant,지식 발전소,90056
2026-07-07,1725,knarchive,지식 저장소,287977
2026-07-07,1978,cartemlab,카템 연구소,2226
2026-07-07,1986,petpicknote,펫 픽 노트,2324
2026-07-07,1977,smartliving,스마트 리빙,17524
2026-07-07,all,all,전체 블로그,528012
2026-07-08,1795,aitechnote,AI 테크 최신 정보 매거진,10633
2026-07-08,1783,insightbridge,인사이트 브리지,33840
2026-07-08,84,systrader79,systrader79의 트레이딩 이야기,35883
2026-07-08,1799,history,모든 것의 역사,20272
2026-07-08,1800,studylibrary,학문의 서재,29067
2026-07-08,1724,infoplant,지식 발전소,92438
2026-07-08,1725,knarchive,지식 저장소,293284
2026-07-08,1978,cartemlab,카템 연구소,4046
2026-07-08,1986,petpicknote,펫 픽 노트,5221
2026-07-08,1977,smartliving,스마트 리빙,21696
2026-07-08,all,all,전체 블로그,546380
2026-07-09,1795,aitechnote,AI 테크 최신 정보 매거진,10833
2026-07-09,1783,insightbridge,인사이트 브리지,34521
2026-07-09,84,systrader79,systrader79의 트레이딩 이야기,35988
2026-07-09,1799,history,모든 것의 역사,20771
2026-07-09,1800,studylibrary,학문의 서재,29231
2026-07-09,1724,infoplant,지식 발전소,94561
2026-07-09,1725,knarchive,지식 저장소,298623
2026-07-09,1978,cartemlab,카템 연구소,5965
2026-07-09,1986,petpicknote,펫 픽 노트,7026
2026-07-09,1977,smartliving,스마트 리빙,29067
2026-07-09,all,all,전체 블로그,566586
2026-07-10,1795,aitechnote,AI 테크 최신 정보 매거진,11034
2026-07-10,1783,insightbridge,인사이트 브리지,35142
2026-07-10,84,systrader79,systrader79의 트레이딩 이야기,36072
2026-07-10,1799,history,모든 것의 역사,21243
2026-07-10,1800,studylibrary,학문의 서재,29348
2026-07-10,1724,infoplant,지식 발전소,96219
2026-07-10,1725,knarchive,지식 저장소,302669
2026-07-10,1978,cartemlab,카템 연구소,9054
2026-07-10,1986,petpicknote,펫 픽 노트,8442
2026-07-10,1977,smartliving,스마트 리빙,32987
2026-07-10,all,all,전체 블로그,582210
2026-07-11,1795,aitechnote,AI 테크 최신 정보 매거진,11128
2026-07-11,1783,insightbridge,인사이트 브리지,35552
2026-07-11,84,systrader79,systrader79의 트레이딩 이야기,36205
2026-07-11,1799,history,모든 것의 역사,21535
2026-07-11,1800,studylibrary,학문의 서재,29475
2026-07-11,1724,infoplant,지식 발전소,97503
2026-07-11,1725,knarchive,지식 저장소,306226
2026-07-11,1978,cartemlab,카템 연구소,31961
2026-07-11,1986,petpicknote,펫 픽 노트,10184
2026-07-11,1977,smartliving,스마트 리빙,42114
2026-07-11,all,all,전체 블로그,621883
2026-07-12,1795,aitechnote,AI 테크 최신 정보 매거진,11236
2026-07-12,1783,insightbridge,인사이트 브리지,36001
2026-07-12,84,systrader79,systrader79의 트레이딩 이야기,36308
2026-07-12,1799,history,모든 것의 역사,21870
2026-07-12,1800,studylibrary,학문의 서재,29590
2026-07-12,1724,infoplant,지식 발전소,98645
2026-07-12,1725,knarchive,지식 저장소,308862
2026-07-12,1978,cartemlab,카템 연구소,61099
2026-07-12,1986,petpicknote,펫 픽 노트,12933
2026-07-12,1977,smartliving,스마트 리빙,56382
2026-07-12,all,all,전체 블로그,672926
2026-07-13,1795,aitechnote,AI 테크 최신 정보 매거진,11422
2026-07-13,1783,insightbridge,인사이트 브리지,36669
2026-07-13,84,systrader79,systrader79의 트레이딩 이야기,36514
2026-07-13,1799,history,모든 것의 역사,22418
2026-07-13,1800,studylibrary,학문의 서재,29817
2026-07-13,1724,infoplant,지식 발전소,100214
2026-07-13,1725,knarchive,지식 저장소,312447
2026-07-13,1978,cartemlab,카템 연구소,94452
2026-07-13,1986,petpicknote,펫 픽 노트,16454
2026-07-13,1977,smartliving,스마트 리빙,68472
2026-07-13,all,all,전체 블로그,728879
2026-07-14,1795,aitechnote,AI 테크 최신 정보 매거진,11709
2026-07-14,1783,insightbridge,인사이트 브리지,37277
2026-07-14,84,systrader79,systrader79의 트레이딩 이야기,36647
2026-07-14,1799,history,모든 것의 역사,22960
2026-07-14,1800,studylibrary,학문의 서재,30037
2026-07-14,1724,infoplant,지식 발전소,101857
2026-07-14,1725,knarchive,지식 저장소,316262
2026-07-14,1978,cartemlab,카템 연구소,123872
2026-07-14,1986,petpicknote,펫 픽 노트,19178
2026-07-14,1977,smartliving,스마트 리빙,77235
2026-07-14,all,all,전체 블로그,777034
2026-07-15,1795,aitechnote,AI 테크 최신 정보 매거진,11989
2026-07-15,1783,insightbridge,인사이트 브리지,37883
2026-07-15,84,systrader79,systrader79의 트레이딩 이야기,36733
2026-07-15,1799,history,모든 것의 역사,23387
2026-07-15,1800,studylibrary,학문의 서재,30229
2026-07-15,1724,infoplant,지식 발전소,103377
2026-07-15,1725,knarchive,지식 저장소,319732
2026-07-15,1978,cartemlab,카템 연구소,138370
2026-07-15,1986,petpicknote,펫 픽 노트,21466
2026-07-15,1977,smartliving,스마트 리빙,84912
2026-07-15,all,all,전체 블로그,808078
2026-07-16,1795,aitechnote,AI 테크 최신 정보 매거진,12277
2026-07-16,1783,insightbridge,인사이트 브리지,38381
2026-07-16,84,systrader79,systrader79의 트레이딩 이야기,36783
2026-07-16,1799,history,모든 것의 역사,23770
2026-07-16,1800,studylibrary,학문의 서재,30350
2026-07-16,1724,infoplant,지식 발전소,104309
2026-07-16,1725,knarchive,지식 저장소,321914
2026-07-16,1978,cartemlab,카템 연구소,149044
2026-07-16,1986,petpicknote,펫 픽 노트,23287
2026-07-16,1977,smartliving,스마트 리빙,90034
2026-07-16,all,all,전체 블로그,830149
2026-07-17,1795,aitechnote,AI 테크 최신 정보 매거진,12627
2026-07-17,1783,insightbridge,인사이트 브리지,38790
2026-07-17,84,systrader79,systrader79의 트레이딩 이야기,36827
2026-07-17,1799,history,모든 것의 역사,24014
2026-07-17,1800,studylibrary,학문의 서재,30450
2026-07-17,1724,infoplant,지식 발전소,105138
2026-07-17,1725,knarchive,지식 저장소,323693
2026-07-17,1978,cartemlab,카템 연구소,151894
2026-07-17,1986,petpicknote,펫 픽 노트,24971
2026-07-17,1977,smartliving,스마트 리빙,94036
2026-07-17,all,all,전체 블로그,842440
2026-07-18,1795,aitechnote,AI 테크 최신 정보 매거진,12899
2026-07-18,1783,insightbridge,인사이트 브리지,39246
2026-07-18,84,systrader79,systrader79의 트레이딩 이야기,36872
2026-07-18,1799,history,모든 것의 역사,24184
2026-07-18,1800,studylibrary,학문의 서재,30521
2026-07-18,1724,infoplant,지식 발전소,105895
2026-07-18,1725,knarchive,지식 저장소,325257
2026-07-18,1978,cartemlab,카템 연구소,153162
2026-07-18,1986,petpicknote,펫 픽 노트,26525
2026-07-18,1977,smartliving,스마트 리빙,96678
2026-07-18,all,all,전체 블로그,851239
2026-07-19,1795,aitechnote,AI 테크 최신 정보 매거진,13281
2026-07-19,1783,insightbridge,인사이트 브리지,39655
2026-07-19,84,systrader79,systrader79의 트레이딩 이야기,36916
2026-07-19,1799,history,모든 것의 역사,24380
2026-07-19,1800,studylibrary,학문의 서재,30616
2026-07-19,1724,infoplant,지식 발전소,106582
2026-07-19,1725,knarchive,지식 저장소,326981
2026-07-19,1978,cartemlab,카템 연구소,153514
2026-07-19,1986,petpicknote,펫 픽 노트,27493
2026-07-19,1977,smartliving,스마트 리빙,97692
2026-07-19,all,all,전체 블로그,857110
2026-07-20,1795,aitechnote,AI 테크 최신 정보 매거진,13808
2026-07-20,1783,insightbridge,인사이트 브리지,40178
2026-07-20,84,systrader79,systrader79의 트레이딩 이야기,36964
2026-07-20,1799,history,모든 것의 역사,24718
2026-07-20,1800,studylibrary,학문의 서재,30740
2026-07-20,1724,infoplant,지식 발전소,107446
2026-07-20,1725,knarchive,지식 저장소,328998
2026-07-20,1978,cartemlab,카템 연구소,153670
2026-07-20,1986,petpicknote,펫 픽 노트,28077
2026-07-20,1977,smartliving,스마트 리빙,98135
2026-07-20,all,all,전체 블로그,862734
2026-07-21,1795,aitechnote,AI 테크 최신 정보 매거진,14337
2026-07-21,1783,insightbridge,인사이트 브리지,40803
2026-07-21,84,systrader79,systrader79의 트레이딩 이야기,37020
2026-07-21,1799,history,모든 것의 역사,24984
2026-07-21,1800,studylibrary,학문의 서재,30862
2026-07-21,1724,infoplant,지식 발전소,108380
2026-07-21,1725,knarchive,지식 저장소,330999
2026-07-21,1978,cartemlab,카템 연구소,153842
2026-07-21,1986,petpicknote,펫 픽 노트,28536
2026-07-21,1977,smartliving,스마트 리빙,98463
2026-07-21,all,all,전체 블로그,868226
2026-07-22,1795,aitechnote,AI 테크 최신 정보 매거진,14745
2026-07-22,1783,insightbridge,인사이트 브리지,41447
2026-07-22,84,systrader79,systrader79의 트레이딩 이야기,37058
2026-07-22,1799,history,모든 것의 역사,25356
2026-07-22,1800,studylibrary,학문의 서재,31038
2026-07-22,1724,infoplant,지식 발전소,109322
2026-07-22,1725,knarchive,지식 저장소,333430
2026-07-22,1978,cartemlab,카템 연구소,154049
2026-07-22,1986,petpicknote,펫 픽 노트,28997
2026-07-22,1977,smartliving,스마트 리빙,98793
2026-07-22,all,all,전체 블로그,874235
2026-07-23,1795,aitechnote,AI 테크 최신 정보 매거진,15204
2026-07-23,1783,insightbridge,인사이트 브리지,42220
2026-07-23,84,systrader79,systrader79의 트레이딩 이야기,37135
2026-07-23,1799,history,모든 것의 역사,25717
2026-07-23,1800,studylibrary,학문의 서재,31259
2026-07-23,1724,infoplant,지식 발전소,110342
2026-07-23,1725,knarchive,지식 저장소,336156
2026-07-23,1978,cartemlab,카템 연구소,154256
2026-07-23,1986,petpicknote,펫 픽 노트,29373
2026-07-23,1977,smartliving,스마트 리빙,99120
2026-07-23,all,all,전체 블로그,880782
2026-07-24,1795,aitechnote,AI 테크 최신 정보 매거진,15605
2026-07-24,1783,insightbridge,인사이트 브리지,42979
2026-07-24,84,systrader79,systrader79의 트레이딩 이야기,37224
2026-07-24,1799,history,모든 것의 역사,26063
2026-07-24,1800,studylibrary,학문의 서재,31589
2026-07-24,1724,infoplant,지식 발전소,111430
2026-07-24,1725,knarchive,지식 저장소,338757
2026-07-24,1978,cartemlab,카템 연구소,154472
2026-07-24,1986,petpicknote,펫 픽 노트,29640
2026-07-24,1977,smartliving,스마트 리빙,99367
2026-07-24,2210,newssignal,뉴스 시그널,16
2026-07-24,2211,techinsight,테크 인사이트,9
2026-07-24,2212,lifesolution,라이프 솔루션,5
2026-07-24,2213,solobizstack,SoloBiz Stack,457
2026-07-24,all,all,전체 블로그,887613
2026-07-25,1795,aitechnote,AI 테크 최신 정보 매거진,15922
2026-07-25,1783,insightbridge,인사이트 브리지,43540
2026-07-25,84,systrader79,systrader79의 트레이딩 이야기,37328
2026-07-25,1799,history,모든 것의 역사,26382
2026-07-25,1800,studylibrary,학문의 서재,31850
2026-07-25,1724,infoplant,지식 발전소,112219
2026-07-25,1725,knarchive,지식 저장소,340637
2026-07-25,1978,cartemlab,카템 연구소,154620
2026-07-25,1986,petpicknote,펫 픽 노트,29796
2026-07-25,1977,smartliving,스마트 리빙,99548
2026-07-25,2210,newssignal,뉴스 시그널,238
2026-07-25,2211,techinsight,테크 인사이트,229
2026-07-25,2212,lifesolution,라이프 솔루션,159
2026-07-25,2213,solobizstack,SoloBiz Stack,592
2026-07-25,all,all,전체 블로그,893060
2026-07-26,1795,aitechnote,AI 테크 최신 정보 매거진,16144
2026-07-26,1783,insightbridge,인사이트 브리지,44028
2026-07-26,84,systrader79,systrader79의 트레이딩 이야기,37357
2026-07-26,1799,history,모든 것의 역사,26693
2026-07-26,1800,studylibrary,학문의 서재,32103
2026-07-26,1724,infoplant,지식 발전소,112919
2026-07-26,1725,knarchive,지식 저장소,342454
2026-07-26,1978,cartemlab,카템 연구소,154788
2026-07-26,1986,petpicknote,펫 픽 노트,29950
2026-07-26,1977,smartliving,스마트 리빙,99748
2026-07-26,2210,newssignal,뉴스 시그널,657
2026-07-26,2211,techinsight,테크 인사이트,601
2026-07-26,2212,lifesolution,라이프 솔루션,489
2026-07-26,2213,solobizstack,SoloBiz Stack,880
2026-07-26,all,all,전체 블로그,898811
2026-07-27,1795,aitechnote,AI 테크 최신 정보 매거진,16584
2026-07-27,1783,insightbridge,인사이트 브리지,44773
2026-07-27,84,systrader79,systrader79의 트레이딩 이야기,37452
2026-07-27,1799,history,모든 것의 역사,27106
2026-07-27,1800,studylibrary,학문의 서재,32468
2026-07-27,1724,infoplant,지식 발전소,113962
2026-07-27,1725,knarchive,지식 저장소,345433
2026-07-27,1978,cartemlab,카템 연구소,155012
2026-07-27,1986,petpicknote,펫 픽 노트,30259
2026-07-27,1977,smartliving,스마트 리빙,99947
2026-07-27,2210,newssignal,뉴스 시그널,1322
2026-07-27,2211,techinsight,테크 인사이트,1245
2026-07-27,2212,lifesolution,라이프 솔루션,970
2026-07-27,2213,solobizstack,SoloBiz Stack,1768
2026-07-27,all,all,전체 블로그,908301
2026-07-28,1795,aitechnote,AI 테크 최신 정보 매거진,16979
2026-07-28,1783,insightbridge,인사이트 브리지,45508
2026-07-28,84,systrader79,systrader79의 트레이딩 이야기,37556
2026-07-28,1799,history,모든 것의 역사,27559
2026-07-28,1800,studylibrary,학문의 서재,32827
2026-07-28,1724,infoplant,지식 발전소,115055
2026-07-28,1725,knarchive,지식 저장소,348238
2026-07-28,1978,cartemlab,카템 연구소,155138
2026-07-28,1986,petpicknote,펫 픽 노트,30541
2026-07-28,1977,smartliving,스마트 리빙,100111
2026-07-28,2210,newssignal,뉴스 시그널,1822
2026-07-28,2211,techinsight,테크 인사이트,1718
2026-07-28,2212,lifesolution,라이프 솔루션,1253
2026-07-28,2213,solobizstack,SoloBiz Stack,2308
2026-07-28,all,all,전체 블로그,916613
2026-07-29,1795,aitechnote,AI 테크 최신 정보 매거진,17296
2026-07-29,1783,insightbridge,인사이트 브리지,46162
2026-07-29,84,systrader79,systrader79의 트레이딩 이야기,37626
2026-07-29,1799,history,모든 것의 역사,27962
2026-07-29,1800,studylibrary,학문의 서재,33153
2026-07-29,1724,infoplant,지식 발전소,116183
2026-07-29,1725,knarchive,지식 저장소,350513
2026-07-29,1978,cartemlab,카템 연구소,155258
2026-07-29,1986,petpicknote,펫 픽 노트,30699
2026-07-29,1977,smartliving,스마트 리빙,100248
2026-07-29,2210,newssignal,뉴스 시그널,2564
2026-07-29,2211,techinsight,테크 인사이트,2622
2026-07-29,2212,lifesolution,라이프 솔루션,1794
2026-07-29,2213,solobizstack,SoloBiz Stack,2731
2026-07-29,all,all,전체 블로그,924811
2026-07-30,1795,aitechnote,AI 테크 최신 정보 매거진,17644
2026-07-30,1783,insightbridge,인사이트 브리지,46855
2026-07-30,84,systrader79,systrader79의 트레이딩 이야기,37690
2026-07-30,1799,history,모든 것의 역사,28401
2026-07-30,1800,studylibrary,학문의 서재,33389
2026-07-30,1724,infoplant,지식 발전소,117390
2026-07-30,1725,knarchive,지식 저장소,353034
2026-07-30,1978,cartemlab,카템 연구소,155390
2026-07-30,1986,petpicknote,펫 픽 노트,30934
2026-07-30,1977,smartliving,스마트 리빙,100444
2026-07-30,2210,newssignal,뉴스 시그널,3406
2026-07-30,2211,techinsight,테크 인사이트,3663
2026-07-30,2212,lifesolution,라이프 솔루션,2275
2026-07-30,2213,solobizstack,SoloBiz Stack,3102
2026-07-30,all,all,전체 블로그,933617
2026-07-31,1795,aitechnote,AI 테크 최신 정보 매거진,18035
2026-07-31,1783,insightbridge,인사이트 브리지,47608
2026-07-31,84,systrader79,systrader79의 트레이딩 이야기,37790
2026-07-31,1799,history,모든 것의 역사,28889
2026-07-31,1800,studylibrary,학문의 서재,33699
2026-07-31,1724,infoplant,지식 발전소,118577
2026-07-31,1725,knarchive,지식 저장소,355881
2026-07-31,1978,cartemlab,카템 연구소,155565
2026-07-31,1986,petpicknote,펫 픽 노트,31124
2026-07-31,1977,smartliving,스마트 리빙,100682
2026-07-31,2210,newssignal,뉴스 시그널,3984
2026-07-31,2211,techinsight,테크 인사이트,4424
2026-07-31,2212,lifesolution,라이프 솔루션,2608
2026-07-31,2213,solobizstack,SoloBiz Stack,3541
2026-07-31,all,all,전체 블로그,942407
2026-08-01,1795,aitechnote,AI 테크 최신 정보 매거진,18229
2026-08-01,1783,insightbridge,인사이트 브리지,48078
2026-08-01,84,systrader79,systrader79의 트레이딩 이야기,37935
2026-08-01,1799,history,모든 것의 역사,29238
2026-08-01,1800,studylibrary,학문의 서재,33868
2026-08-01,1724,infoplant,지식 발전소,119548
2026-08-01,1725,knarchive,지식 저장소,358132
2026-08-01,1978,cartemlab,카템 연구소,155733
2026-08-01,1986,petpicknote,펫 픽 노트,31248
2026-08-01,1977,smartliving,스마트 리빙,101018
2026-08-01,2210,newssignal,뉴스 시그널,4700
2026-08-01,2211,techinsight,테크 인사이트,4999
2026-08-01,2212,lifesolution,라이프 솔루션,2891
2026-08-01,2213,solobizstack,SoloBiz Stack,3901
2026-08-01,all,all,전체 블로그,949518
2026-08-02,1795,aitechnote,AI 테크 최신 정보 매거진,18420
2026-08-02,1783,insightbridge,인사이트 브리지,48588
2026-08-02,84,systrader79,systrader79의 트레이딩 이야기,38064
2026-08-02,1799,history,모든 것의 역사,29539
2026-08-02,1800,studylibrary,학문의 서재,34035
2026-08-02,1724,infoplant,지식 발전소,120391
2026-08-02,1725,knarchive,지식 저장소,360419
2026-08-02,1978,cartemlab,카템 연구소,155917
2026-08-02,1986,petpicknote,펫 픽 노트,31407
2026-08-02,1977,smartliving,스마트 리빙,101571
2026-08-02,2210,newssignal,뉴스 시그널,5670
2026-08-02,2211,techinsight,테크 인사이트,5906
2026-08-02,2212,lifesolution,라이프 솔루션,3443
2026-08-02,2213,solobizstack,SoloBiz Stack,4228
2026-08-02,all,all,전체 블로그,957598
2026-08-03,1795,aitechnote,AI 테크 최신 정보 매거진,18732
2026-08-03,1783,insightbridge,인사이트 브리지,49372
2026-08-03,84,systrader79,systrader79의 트레이딩 이야기,38242
2026-08-03,1799,history,모든 것의 역사,30002
2026-08-03,1800,studylibrary,학문의 서재,34328
2026-08-03,1724,infoplant,지식 발전소,121391
2026-08-03,1725,knarchive,지식 저장소,363756
2026-08-03,1978,cartemlab,카템 연구소,156134
2026-08-03,1986,petpicknote,펫 픽 노트,31633
2026-08-03,1977,smartliving,스마트 리빙,102314
2026-08-03,2210,newssignal,뉴스 시그널,6579
2026-08-03,2211,techinsight,테크 인사이트,6604
2026-08-03,2212,lifesolution,라이프 솔루션,3792
2026-08-03,2213,solobizstack,SoloBiz Stack,4416
2026-08-03,all,all,전체 블로그,967295
2026-08-04,1795,aitechnote,AI 테크 최신 정보 매거진,19087
2026-08-04,1783,insightbridge,인사이트 브리지,50145
2026-08-04,84,systrader79,systrader79의 트레이딩 이야기,38433
2026-08-04,1799,history,모든 것의 역사,30524
2026-08-04,1800,studylibrary,학문의 서재,34579
2026-08-04,1724,infoplant,지식 발전소,122478
2026-08-04,1725,knarchive,지식 저장소,366866
2026-08-04,1978,cartemlab,카템 연구소,156461
2026-08-04,1986,petpicknote,펫 픽 노트,31892
2026-08-04,1977,smartliving,스마트 리빙,103057
2026-08-04,2210,newssignal,뉴스 시그널,7143
2026-08-04,2211,techinsight,테크 인사이트,7109
2026-08-04,2212,lifesolution,라이프 솔루션,4073
2026-08-04,2213,solobizstack,SoloBiz Stack,4625
2026-08-04,all,all,전체 블로그,976472
2026-08-05,1795,aitechnote,AI 테크 최신 정보 매거진,19406
2026-08-05,1783,insightbridge,인사이트 브리지,50926
2026-08-05,84,systrader79,systrader79의 트레이딩 이야기,38674
2026-08-05,1799,history,모든 것의 역사,31054
2026-08-05,1800,studylibrary,학문의 서재,34867
2026-08-05,1724,infoplant,지식 발전소,123615
2026-08-05,1725,knarchive,지식 저장소,369981
2026-08-05,1978,cartemlab,카템 연구소,156621
2026-08-05,1986,petpicknote,펫 픽 노트,32068
2026-08-05,1977,smartliving,스마트 리빙,103652
2026-08-05,2210,newssignal,뉴스 시그널,7553
2026-08-05,2211,techinsight,테크 인사이트,7558
2026-08-05,2212,lifesolution,라이프 솔루션,4255
2026-08-05,2213,solobizstack,SoloBiz Stack,4768
2026-08-05,all,all,전체 블로그,984998
2026-08-06,1795,aitechnote,AI 테크 최신 정보 매거진,19799
2026-08-06,1783,insightbridge,인사이트 브리지,51776
2026-08-06,84,systrader79,systrader79의 트레이딩 이야기,39122
2026-08-06,1799,history,모든 것의 역사,31687
2026-08-06,1800,studylibrary,학문의 서재,35239
2026-08-06,1724,infoplant,지식 발전소,125449
2026-08-06,1725,knarchive,지식 저장소,374376
2026-08-06,1978,cartemlab,카템 연구소,156845
2026-08-06,1986,petpicknote,펫 픽 노트,32312
2026-08-06,1977,smartliving,스마트 리빙,104221
2026-08-06,2210,newssignal,뉴스 시그널,7895
2026-08-06,2211,techinsight,테크 인사이트,7920
2026-08-06,2212,lifesolution,라이프 솔루션,4457
2026-08-06,2213,solobizstack,SoloBiz Stack,4957
2026-08-06,all,all,전체 블로그,996055
2026-08-07,1795,aitechnote,AI 테크 최신 정보 매거진,20113
2026-08-07,1783,insightbridge,인사이트 브리지,52628
2026-08-07,84,systrader79,systrader79의 트레이딩 이야기,39363
2026-08-07,1799,history,모든 것의 역사,32259
2026-08-07,1800,studylibrary,학문의 서재,35503
2026-08-07,1724,infoplant,지식 발전소,126904
2026-08-07,1725,knarchive,지식 저장소,378157
2026-08-07,1978,cartemlab,카템 연구소,157025
2026-08-07,1986,petpicknote,펫 픽 노트,32515
2026-08-07,1977,smartliving,스마트 리빙,104603
2026-08-07,2210,newssignal,뉴스 시그널,8173
2026-08-07,2211,techinsight,테크 인사이트,8267
2026-08-07,2212,lifesolution,라이프 솔루션,4620
2026-08-07,2213,solobizstack,SoloBiz Stack,5150
2026-08-07,all,all,전체 블로그,1005280
2026-08-08,1795,aitechnote,AI 테크 최신 정보 매거진,20271
2026-08-08,1783,insightbridge,인사이트 브리지,53354
2026-08-08,84,systrader79,systrader79의 트레이딩 이야기,39518
2026-08-08,1799,history,모든 것의 역사,32638
2026-08-08,1800,studylibrary,학문의 서재,35695
2026-08-08,1724,infoplant,지식 발전소,127963
2026-08-08,1725,knarchive,지식 저장소,381187
2026-08-08,1978,cartemlab,카템 연구소,157146
2026-08-08,1986,petpicknote,펫 픽 노트,32645
2026-08-08,1977,smartliving,스마트 리빙,104904
2026-08-08,2210,newssignal,뉴스 시그널,8373
2026-08-08,2211,techinsight,테크 인사이트,8463
2026-08-08,2212,lifesolution,라이프 솔루션,4730
2026-08-08,2213,solobizstack,SoloBiz Stack,5257
2026-08-08,all,all,전체 블로그,1012144
2026-08-09,1795,aitechnote,AI 테크 최신 정보 매거진,20432
2026-08-09,1783,insightbridge,인사이트 브리지,54125
2026-08-09,84,systrader79,systrader79의 트레이딩 이야기,39674
2026-08-09,1799,history,모든 것의 역사,33086
2026-08-09,1800,studylibrary,학문의 서재,35903
2026-08-09,1724,infoplant,지식 발전소,129061
2026-08-09,1725,knarchive,지식 저장소,384185
2026-08-09,1978,cartemlab,카템 연구소,157224
2026-08-09,1986,petpicknote,펫 픽 노트,32747
2026-08-09,1977,smartliving,스마트 리빙,105445
2026-08-09,2210,newssignal,뉴스 시그널,8605
2026-08-09,2211,techinsight,테크 인사이트,8705
2026-08-09,2212,lifesolution,라이프 솔루션,4831
2026-08-09,2213,solobizstack,SoloBiz Stack,5389
2026-08-09,all,all,전체 블로그,1019412
2026-08-10,1795,aitechnote,AI 테크 최신 정보 매거진,20760
2026-08-10,1783,insightbridge,인사이트 브리지,55041
2026-08-10,84,systrader79,systrader79의 트레이딩 이야기,39951
2026-08-10,1799,history,모든 것의 역사,33687
2026-08-10,1800,studylibrary,학문의 서재,36196
2026-08-10,1724,infoplant,지식 발전소,130483
2026-08-10,1725,knarchive,지식 저장소,388288
2026-08-10,1978,cartemlab,카템 연구소,157334
2026-08-10,1986,petpicknote,펫 픽 노트,32897
2026-08-10,1977,smartliving,스마트 리빙,106092
2026-08-10,2210,newssignal,뉴스 시그널,8968
2026-08-10,2211,techinsight,테크 인사이트,8978
2026-08-10,2212,lifesolution,라이프 솔루션,5027
2026-08-10,2213,solobizstack,SoloBiz Stack,5505
2026-08-10,all,all,전체 블로그,1029207
2026-08-11,1795,aitechnote,AI 테크 최신 정보 매거진,21080
2026-08-11,1783,insightbridge,인사이트 브리지,55891
2026-08-11,84,systrader79,systrader79의 트레이딩 이야기,40132
2026-08-11,1799,history,모든 것의 역사,34183
2026-08-11,1800,studylibrary,학문의 서재,36459
2026-08-11,1724,infoplant,지식 발전소,131642
2026-08-11,1725,knarchive,지식 저장소,391834
2026-08-11,1978,cartemlab,카템 연구소,157430
2026-08-11,1986,petpicknote,펫 픽 노트,33025
2026-08-11,1977,smartliving,스마트 리빙,106643
2026-08-11,2210,newssignal,뉴스 시그널,9253
2026-08-11,2211,techinsight,테크 인사이트,9235
2026-08-11,2212,lifesolution,라이프 솔루션,5202
2026-08-11,2213,solobizstack,SoloBiz Stack,5699
2026-08-11,all,all,전체 블로그,1037708
2026-08-12,1795,aitechnote,AI 테크 최신 정보 매거진,21378
2026-08-12,1783,insightbridge,인사이트 브리지,56632
2026-08-12,84,systrader79,systrader79의 트레이딩 이야기,40320
2026-08-12,1799,history,모든 것의 역사,34656
2026-08-12,1800,studylibrary,학문의 서재,36696
2026-08-12,1724,infoplant,지식 발전소,132867
2026-08-12,1725,knarchive,지식 저장소,395361
2026-08-12,1978,cartemlab,카템 연구소,157511
2026-08-12,1986,petpicknote,펫 픽 노트,33151
2026-08-12,1977,smartliving,스마트 리빙,107354
2026-08-12,2210,newssignal,뉴스 시그널,9496
2026-08-12,2211,techinsight,테크 인사이트,9459
2026-08-12,2212,lifesolution,라이프 솔루션,5316
2026-08-12,2213,solobizstack,SoloBiz Stack,5834
2026-08-12,all,all,전체 블로그,1046031
2026-08-13,1795,aitechnote,AI 테크 최신 정보 매거진,21703
2026-08-13,1783,insightbridge,인사이트 브리지,57566
2026-08-13,84,systrader79,systrader79의 트레이딩 이야기,40607
2026-08-13,1799,history,모든 것의 역사,35308
2026-08-13,1800,studylibrary,학문의 서재,36931
2026-08-13,1724,infoplant,지식 발전소,134176
2026-08-13,1725,knarchive,지식 저장소,399809
2026-08-13,1978,cartemlab,카템 연구소,157661
2026-08-13,1986,petpicknote,펫 픽 노트,33327
2026-08-13,1977,smartliving,스마트 리빙,108168
2026-08-13,2210,newssignal,뉴스 시그널,9845
2026-08-13,2211,techinsight,테크 인사이트,9712
2026-08-13,2212,lifesolution,라이프 솔루션,5475
2026-08-13,2213,solobizstack,SoloBiz Stack,6006
2026-08-13,all,all,전체 블로그,1056294
2026-08-14,1795,aitechnote,AI 테크 최신 정보 매거진,21974
2026-08-14,1783,insightbridge,인사이트 브리지,58371
2026-08-14,84,systrader79,systrader79의 트레이딩 이야기,40802
2026-08-14,1799,history,모든 것의 역사,35789
2026-08-14,1800,studylibrary,학문의 서재,37159
2026-08-14,1724,infoplant,지식 발전소,135299
2026-08-14,1725,knarchive,지식 저장소,403433
2026-08-14,1978,cartemlab,카템 연구소,157725
2026-08-14,1986,petpicknote,펫 픽 노트,33461
2026-08-14,1977,smartliving,스마트 리빙,108965
2026-08-14,2210,newssignal,뉴스 시그널,10093
2026-08-14,2211,techinsight,테크 인사이트,9894
2026-08-14,2212,lifesolution,라이프 솔루션,5588
2026-08-14,2213,solobizstack,SoloBiz Stack,6210
2026-08-14,all,all,전체 블로그,1064763
2026-08-15,1795,aitechnote,AI 테크 최신 정보 매거진,22315
2026-08-15,1783,insightbridge,인사이트 브리지,59071
2026-08-15,84,systrader79,systrader79의 트레이딩 이야기,40981
2026-08-15,1799,history,모든 것의 역사,36234
2026-08-15,1800,studylibrary,학문의 서재,37409
2026-08-15,1724,infoplant,지식 발전소,136370
2026-08-15,1725,knarchive,지식 저장소,406871
2026-08-15,1978,cartemlab,카템 연구소,157885
2026-08-15,1986,petpicknote,펫 픽 노트,33670
2026-08-15,1977,smartliving,스마트 리빙,109789
2026-08-15,2210,newssignal,뉴스 시그널,10311
2026-08-15,2211,techinsight,테크 인사이트,9997
2026-08-15,2212,lifesolution,라이프 솔루션,5671
2026-08-15,2213,solobizstack,SoloBiz Stack,6465
2026-08-15,all,all,전체 블로그,1073039
2026-08-16,1795,aitechnote,AI 테크 최신 정보 매거진,22543
2026-08-16,1783,insightbridge,인사이트 브리지,59630
2026-08-16,84,systrader79,systrader79의 트레이딩 이야기,41089
2026-08-16,1799,history,모든 것의 역사,36548
2026-08-16,1800,studylibrary,학문의 서재,37558
2026-08-16,1724,infoplant,지식 발전소,137267
2026-08-16,1725,knarchive,지식 저장소,409716
2026-08-16,1978,cartemlab,카템 연구소,157957
2026-08-16,1986,petpicknote,펫 픽 노트,33748
2026-08-16,1977,smartliving,스마트 리빙,110396
2026-08-16,2210,newssignal,뉴스 시그널,10476
2026-08-16,2211,techinsight,테크 인사이트,10121
2026-08-16,2212,lifesolution,라이프 솔루션,5706
2026-08-16,2213,solobizstack,SoloBiz Stack,6560
2026-08-16,all,all,전체 블로그,1079315
2026-08-17,1795,aitechnote,AI 테크 최신 정보 매거진,22824
2026-08-17,1783,insightbridge,인사이트 브리지,60310
2026-08-17,84,systrader79,systrader79의 트레이딩 이야기,41229
2026-08-17,1799,history,모든 것의 역사,37078
2026-08-17,1800,studylibrary,학문의 서재,37800
2026-08-17,1724,infoplant,지식 발전소,138417
2026-08-17,1725,knarchive,지식 저장소,413112
2026-08-17,1978,cartemlab,카템 연구소,158080
2026-08-17,1986,petpicknote,펫 픽 노트,33919
2026-08-17,1977,smartliving,스마트 리빙,111124
2026-08-17,2210,newssignal,뉴스 시그널,10667
2026-08-17,2211,techinsight,테크 인사이트,10246
2026-08-17,2212,lifesolution,라이프 솔루션,5753
2026-08-17,2213,solobizstack,SoloBiz Stack,6767
2026-08-17,all,all,전체 블로그,1087326
2026-08-18,1795,aitechnote,AI 테크 최신 정보 매거진,22876
2026-08-18,1783,insightbridge,인사이트 브리지,60422
2026-08-18,84,systrader79,systrader79의 트레이딩 이야기,41255
2026-08-18,1799,history,모든 것의 역사,37180
2026-08-18,1800,studylibrary,학문의 서재,37830
2026-08-18,1724,infoplant,지식 발전소,138597
2026-08-18,1725,knarchive,지식 저장소,413598
2026-08-18,1978,cartemlab,카템 연구소,158087
2026-08-18,1986,petpicknote,펫 픽 노트,33940
2026-08-18,1977,smartliving,스마트 리빙,111171
2026-08-18,2210,newssignal,뉴스 시그널,10691
2026-08-18,2211,techinsight,테크 인사이트,10266
2026-08-18,2212,lifesolution,라이프 솔루션,5762
2026-08-18,2213,solobizstack,SoloBiz Stack,6782
2026-08-18,all,all,전체 블로그,1088457
